anio,competicion,tipo,categoria,club,subcampeon,temporada
1931,Primera División (Primera División),liga,liga,Boca Juniors,San Lorenzo,1931 (LAF)
1932,Copa Beccar Varela,copa_nacional,copa_nacional,Racing Club,Boca Juniors,1932
1932,Copa de Competencia de la Liga Argentina,copa_nacional,copa_nacional,River Plate,Estudiantes (LP),1932
1932,Primera División (Primera División),liga,liga,River Plate,Independiente,1932 (LAF)
1933,Copa Beccar Varela,copa_nacional,copa_nacional,Central Córdoba (R),Racing Club,1933
1933,Copa de Competencia de la Liga Argentina,copa_nacional,copa_nacional,Racing Club,San Lorenzo,1933
1933,Primera División (Primera División),liga,liga,San Lorenzo,Boca Juniors,1933 (LAF)
1934,Primera División (Primera División),liga,liga,Boca Juniors,Independiente,1934 (LAF)
1935,Primera División (Primera División),liga,liga,Boca Juniors,Independiente,1935
1936,Primera División (Copa Campeonato),liga,liga,River Plate,San Lorenzo,1936
1936,Primera División (Copa de Honor),liga,liga,San Lorenzo,Huracán,1936
1936,Primera División (Copa de Oro),liga,liga,River Plate,San Lorenzo,1936
1936,Copa Aldao,rioplatense,rioplatense,River Plate,Peñarol,1936
1937,Copa Dr. Carlos Ibarguren,copa_nacional,copa_nacional,River Plate,Rosario Central,1937
1937,Primera División (Primera División),liga,liga,River Plate,Independiente,1937
1937,Copa Aldao,rioplatense,rioplatense,River Plate,Peñarol,1937
1938,Copa Dr. Carlos Ibarguren,copa_nacional,copa_nacional,Independiente,Rosario Central,1938
1938,Primera División (Primera División),liga,liga,Independiente,River Plate,1938
1938,Copa Aldao,rioplatense,rioplatense,Independiente,Peñarol,1938
1939,Copa Dr. Carlos Ibarguren,copa_nacional,copa_nacional,Independiente,Central Córdoba (R),1939
1939,Copa Escobar,copa_nacional,copa_nacional,Independiente,San Lorenzo,1939
1939,Primera División (Primera División),liga,liga,Independiente,River Plate y Huracán,1939
1939,Copa Aldao,rioplatense,rioplatense,Independiente,Nacional,1939
1940,Copa Dr. Carlos Ibarguren,copa_nacional,copa_nacional,Boca Juniors,Rosario Central,1940
1940,Primera División (Primera División),liga,liga,Boca Juniors,Independiente,1940
1941,Copa Dr. Carlos Ibarguren,copa_nacional,copa_nacional,River Plate,Newell's Old Boys,1941
1941,Copa Escobar,copa_nacional,copa_nacional,River Plate,Huracán,1941
1941,Primera División (Primera División),liga,liga,River Plate,San Lorenzo,1941
1941,Copa Aldao,rioplatense,rioplatense,River Plate,Nacional,1941
1942,Copa Dr. Carlos Ibarguren,copa_nacional,copa_nacional,River Plate,Liga Cordobesa,1942
1942,Copa Escobar,copa_nacional,copa_nacional,Huracán,River Plate,1942
1942,Primera División (Primera División),liga,liga,River Plate,San Lorenzo,1942
1943,Copa Escobar,copa_nacional,copa_nacional,Huracán,Platense,1943
1943,Copa de la República,copa_nacional,copa_nacional,San Lorenzo,General Paz Juniors (C),1943
1943,Primera División (Primera División),liga,liga,Boca Juniors,River Plate,1943
1944,Copa Dr. Carlos Ibarguren,copa_nacional,copa_nacional,Boca Juniors,Combinado Tucumán,1944
1944,Copa Escobar,copa_nacional,copa_nacional,Estudiantes (LP),San Lorenzo,1944
1944,Copa de Competencia Británica,copa_nacional,copa_nacional,Huracán,Boca Juniors,1944
1944,Copa de la República,copa_nacional,copa_nacional,San Martín (T),Newell's Old Boys,1944
1944,Primera División (Primera División),liga,liga,Boca Juniors,River Plate,1944
1945,Copa de Competencia Británica,copa_nacional,copa_nacional,Racing Club,Boca Juniors,1945
1945,Copa de la República,copa_nacional,copa_nacional,Estudiantes (LP),Boca Juniors,1945
1945,Primera División (Primera División),liga,liga,River Plate,Boca Juniors,1945
1945,Copa Aldao,rioplatense,rioplatense,River Plate,Peñarol,1945
1945,Copa de Confraternidad Escobar-Gerona,rioplatense,rioplatense,Boca Juniors,Nacional,1945
1946,Copa de Competencia Británica,copa_nacional,copa_nacional,Boca Juniors,San Lorenzo,1946
1946,Primera División (Primera División),liga,liga,San Lorenzo,Boca Juniors,1946
1946,Copa de Confraternidad Escobar-Gerona,rioplatense,rioplatense,Boca Juniors,Peñarol,1946
1947,Primera División (Primera División),liga,liga,River Plate,Boca Juniors,1947
1947,Copa Aldao,rioplatense,rioplatense,River Plate,Nacional,1947
1948,Primera División (Primera División),liga,liga,Independiente,River Plate,1948
1949,Copa Escobar,copa_nacional,copa_nacional,Newell's Old Boys,Racing Club,1949
1949,Primera División (Primera División),liga,liga,Racing Club,River Plate,1949
1950,Primera División (Primera División),liga,liga,Racing Club,Boca Juniors,1950
1951,Primera División (Primera División),liga,liga,Racing Club,Banfield,1951
1952,Copa Dr. Carlos Ibarguren,copa_nacional,copa_nacional,River Plate,,1952
1952,Primera División (Primera División),liga,liga,River Plate,Racing Club,1952
1953,Primera División (Primera División),liga,liga,River Plate,Vélez Sarsfield,1953
1954,Primera División (Primera División),liga,liga,Boca Juniors,Independiente,1954
1955,Copa Juan Domingo Perón,copa_nacional,copa_nacional,Lanús,Estudiantes (LP),1955
1955,Primera División (Primera División),liga,liga,River Plate,Racing Club,1955
1956,Primera División (Primera División),liga,liga,River Plate,Lanús,1956
1957,Primera División (Primera División),liga,liga,River Plate,San Lorenzo,1957
1958,Copa Suecia,copa_nacional,copa_nacional,Atlanta,Racing Club,1958
1958,Primera División (Primera División),liga,liga,Racing Club,Boca Juniors,1958
1959,Primera División (Primera División),liga,liga,San Lorenzo,Racing Club,1959
1960,Primera División (Primera División),liga,liga,Independiente,River Plate,1960
1961,Primera División (Primera División),liga,liga,Racing Club,San Lorenzo,1961
1962,Primera División (Primera División),liga,liga,Boca Juniors,River Plate,1962
1963,Primera División (Primera División),liga,liga,Independiente,River Plate,1963
1964,Copa Libertadores,internacional,libertadores,Independiente,,Copa Libertadores 1964
1964,Primera División (Primera División),liga,liga,Boca Juniors,Independiente,1964
1965,Copa Libertadores,internacional,libertadores,Independiente,,Copa Libertadores 1965
1965,Primera División (Primera División),liga,liga,Boca Juniors,River Plate,1965
1966,Primera División (Primera División),liga,liga,Racing Club,River Plate,1966
1967,Copa Intercontinental,internacional,intercontinental,Racing Club,,Copa Intercontinental 1967
1967,Copa Libertadores,internacional,libertadores,Racing Club,,Copa Libertadores 1967
1967,Primera División (Metropolitano),liga,liga,Estudiantes (LP),Racing Club,1967
1967,Primera División (Nacional),liga,liga,Independiente,Estudiantes (LP),1967
1968,Copa Intercontinental,internacional,intercontinental,Estudiantes (LP),,Copa Intercontinental 1968
1968,Copa Libertadores,internacional,libertadores,Estudiantes (LP),,Copa Libertadores 1968
1968,Primera División (Metropolitano),liga,liga,San Lorenzo,Estudiantes (LP),1968
1968,Primera División (Nacional),liga,liga,Vélez Sarsfield,River Plate,1968
1969,Copa Argentina,copa_nacional,copa_nacional,Boca Juniors,Atlanta,1969
1969,Copa Interamericana,internacional,supercopa_int,Estudiantes (LP),,Copa Interamericana 1968
1969,Copa Libertadores,internacional,libertadores,Estudiantes (LP),,Copa Libertadores 1969
1969,Primera División (Metropolitano),liga,liga,Chacarita Juniors,River Plate,1969
1969,Primera División (Nacional),liga,liga,Boca Juniors,River Plate,1969
1970,Copa Libertadores,internacional,libertadores,Estudiantes (LP),,Copa Libertadores 1970
1970,Primera División (Metropolitano),liga,liga,Independiente,River Plate,1970
1970,Primera División (Nacional),liga,liga,Boca Juniors,Rosario Central,1970
1971,Primera División (Metropolitano),liga,liga,Independiente,Vélez Sarsfield,1971
1971,Primera División (Nacional),liga,liga,Rosario Central,San Lorenzo,1971
1972,Copa Libertadores,internacional,libertadores,Independiente,,Copa Libertadores 1972
1972,Primera División (Metropolitano),liga,liga,San Lorenzo,Racing Club,1972
1972,Primera División (Nacional),liga,liga,San Lorenzo,River Plate,1972
1973,Copa Interamericana,internacional,supercopa_int,Independiente,,Copa Interamericana 1972
1973,Copa Intercontinental,internacional,intercontinental,Independiente,,Copa Intercontinental 1973
1973,Copa Libertadores,internacional,libertadores,Independiente,,Copa Libertadores 1973
1973,Primera División (Metropolitano),liga,liga,Huracán,Boca Juniors,1973
1973,Primera División (Nacional),liga,liga,Rosario Central,River Plate,1973
1974,Copa Interamericana,internacional,supercopa_int,Independiente,,Copa Interamericana 1974
1974,Copa Libertadores,internacional,libertadores,Independiente,,Copa Libertadores 1974
1974,Primera División (Metropolitano),liga,liga,Newell's Old Boys,Rosario Central,1974
1974,Primera División (Nacional),liga,liga,San Lorenzo,Rosario Central,1974
1975,Copa Libertadores,internacional,libertadores,Independiente,,Copa Libertadores 1975
1975,Primera División (Metropolitano),liga,liga,River Plate,Huracán,1975
1975,Primera División (Nacional),liga,liga,River Plate,Estudiantes (LP),1975
1976,Copa Interamericana,internacional,supercopa_int,Independiente,,Copa Interamericana 1975
1976,Primera División (Metropolitano),liga,liga,Boca Juniors,Huracán,1976
1976,Primera División (Nacional),liga,liga,Boca Juniors,River Plate,1976
1977,Copa Libertadores,internacional,libertadores,Boca Juniors,,Copa Libertadores 1977
1977,Primera División (Metropolitano),liga,liga,River Plate,Independiente,1977
1977,Primera División (Nacional),liga,liga,Independiente,Talleres (C),1977
1978,Copa Intercontinental,internacional,intercontinental,Boca Juniors,,Copa Intercontinental 1977
1978,Copa Libertadores,internacional,libertadores,Boca Juniors,,Copa Libertadores 1978
1978,Primera División (Metropolitano),liga,liga,Quilmes,Boca Juniors,1978
1978,Primera División (Nacional),liga,liga,Independiente,River Plate,1978
1979,Primera División (Metropolitano),liga,liga,River Plate,Vélez Sarsfield,1979
1979,Primera División (Nacional),liga,liga,River Plate,Unión (SF),1979
1980,Primera División (Nacional),liga,liga,Rosario Central,Racing (C),1980
1980,Primera División (Primera División),liga,liga,River Plate,Argentinos Juniors,1980
1981,Primera División (Nacional),liga,liga,River Plate,Ferro Carril Oeste,1981
1981,Primera División (Primera División),liga,liga,Boca Juniors,Ferro Carril Oeste,1981
1982,Primera División (Nacional),liga,liga,Ferro Carril Oeste,Quilmes,1982
1982,Primera División (Primera División),liga,liga,Estudiantes (LP),Independiente,1982
1983,Primera División (Nacional),liga,liga,Estudiantes (LP),Independiente,1983
1983,Primera División (Primera División),liga,liga,Independiente,San Lorenzo,1983
1984,Copa Intercontinental,internacional,intercontinental,Independiente,,Copa Intercontinental 1984
1984,Copa Libertadores,internacional,libertadores,Independiente,,Copa Libertadores 1984
1984,Primera División (Nacional),liga,liga,Ferro Carril Oeste,River Plate,1984
1984,Primera División (Primera División),liga,liga,Argentinos Juniors,Ferro Carril Oeste,1984
1985,Copa Libertadores,internacional,libertadores,Argentinos Juniors,,Copa Libertadores 1985
1985,Primera División (Nacional),liga,liga,Argentinos Juniors,Vélez Sarsfield,1985
1986,Copa Interamericana,internacional,supercopa_int,Argentinos Juniors,,Copa Interamericana 1986
1986,Copa Intercontinental,internacional,intercontinental,River Plate,,Copa Intercontinental 1986
1986,Copa Libertadores,internacional,libertadores,River Plate,,Copa Libertadores 1986
1986,Primera División (Primera División),liga,liga,River Plate,Newell's Old Boys,1985-86
1987,Copa Interamericana,internacional,supercopa_int,River Plate,,Copa Interamericana 1986
1987,Primera División (Primera División),liga,liga,Rosario Central,Newell's Old Boys,1986-87
1988,Supercopa Sudamericana,internacional,conmebol_2da,Racing Club,,Supercopa Sudamericana 1988
1988,Primera División (Primera División),liga,liga,Newell's Old Boys,San Lorenzo,1987-88
1989,Supercopa Sudamericana,internacional,conmebol_2da,Boca Juniors,,Supercopa Sudamericana 1989
1989,Primera División (Primera División),liga,liga,Independiente,Boca Juniors,1988-89
1990,Recopa Sudamericana,internacional,supercopa_int,Boca Juniors,,Recopa Sudamericana 1990
1990,Primera División (Primera División),liga,liga,River Plate,Independiente,1989-90
1991,Primera División (Apertura),liga,liga,River Plate,Boca Juniors,1991-92
1991,Primera División (Primera División),liga,liga,Newell's Old Boys,Boca Juniors,1990-91
1992,Copa Máster de Supercopa,internacional,supercopa_int,Boca Juniors,,Copa Máster de Supercopa 1992
1992,Primera División (Apertura),liga,liga,Boca Juniors,River Plate,1992-93
1992,Primera División (Clausura),liga,liga,Newell's Old Boys,Vélez Sarsfield,1991-92
1993,Copa Centenario,copa_nacional,copa_nacional,Gimnasia y Esgrima (LP),River Plate,1993
1993,Copa de Oro Nicolás Leoz,internacional,supercopa_int,Boca Juniors,,Copa de Oro Nicolás Leoz 1993
1993,Primera División (Apertura),liga,liga,River Plate,Vélez Sarsfield,1993-94
1993,Primera División (Clausura),liga,liga,Vélez Sarsfield,Independiente,1992-93
1994,Copa Intercontinental,internacional,intercontinental,Vélez Sarsfield,,Copa Intercontinental 1994
1994,Copa Libertadores,internacional,libertadores,Vélez Sarsfield,,Copa Libertadores 1994
1994,Supercopa Sudamericana,internacional,conmebol_2da,Independiente,,Supercopa Sudamericana 1994
1994,Primera División (Apertura),liga,liga,River Plate,San Lorenzo,1994-95
1994,Primera División (Clausura),liga,liga,Independiente,Huracán,1993-94
1995,Copa Conmebol,internacional,conmebol_2da,Rosario Central,,Copa Conmebol 1995
1995,Recopa Sudamericana,internacional,supercopa_int,Independiente,,Recopa Sudamericana 1995
1995,Supercopa Sudamericana,internacional,conmebol_2da,Independiente,,Supercopa Sudamericana 1995
1995,Primera División (Apertura),liga,liga,Vélez Sarsfield,Racing Club,1995-96
1995,Primera División (Clausura),liga,liga,San Lorenzo,Gimnasia y Esgrima (LP),1994-95
1996,Copa Conmebol,internacional,conmebol_2da,Lanús,,Copa Conmebol 1996
1996,Copa Interamericana,internacional,supercopa_int,Vélez Sarsfield,,Copa Interamericana 1996
1996,Copa Libertadores,internacional,libertadores,River Plate,,Copa Libertadores 1996
1996,Supercopa Sudamericana,internacional,conmebol_2da,Vélez Sarsfield,,Supercopa Sudamericana 1996
1996,Primera División (Apertura),liga,liga,River Plate,Independiente,1996-97
1996,Primera División (Clausura),liga,liga,Vélez Sarsfield,Gimnasia y Esgrima (LP),1995-96
1997,Recopa Sudamericana,internacional,supercopa_int,Vélez Sarsfield,,Recopa Sudamericana 1997
1997,Supercopa Sudamericana,internacional,conmebol_2da,River Plate,,Supercopa Sudamericana 1997
1997,Primera División (Apertura),liga,liga,River Plate,Boca Juniors,1997-98
1997,Primera División (Clausura),liga,liga,River Plate,Colón,1996-97
1998,Primera División (Apertura),liga,liga,Boca Juniors,Gimnasia y Esgrima (LP),1998-99
1998,Primera División (Clausura),liga,liga,Vélez Sarsfield,Lanús,1997-98
1999,Copa Conmebol,internacional,conmebol_2da,Talleres (C),,Copa Conmebol 1999
1999,Primera División (Apertura),liga,liga,River Plate,Rosario Central,1999-00
1999,Primera División (Clausura),liga,liga,Boca Juniors,River Plate,1998-99
2000,Copa Intercontinental,internacional,intercontinental,Boca Juniors,,Copa Intercontinental 2000
2000,Copa Libertadores,internacional,libertadores,Boca Juniors,,Copa Libertadores 2000
2000,Primera División (Apertura),liga,liga,Boca Juniors,River Plate,2000-01
2000,Primera División (Clausura),liga,liga,River Plate,Independiente,1999-00
2001,Copa Libertadores,internacional,libertadores,Boca Juniors,,Copa Libertadores 2001
2001,Primera División (Apertura),liga,liga,Racing Club,River Plate,2001-02
2001,Primera División (Clausura),liga,liga,San Lorenzo,River Plate,2000-01
2002,Copa Mercosur,internacional,conmebol_2da,San Lorenzo,,Copa Mercosur 2001
2002,Copa Sudamericana,internacional,conmebol_2da,San Lorenzo,,Copa Sudamericana 2002
2002,Primera División (Apertura),liga,liga,Independiente,Boca Juniors,2002-03
2002,Primera División (Clausura),liga,liga,River Plate,Gimnasia y Esgrima (LP),2001-02
2003,Copa Intercontinental,internacional,intercontinental,Boca Juniors,,Copa Intercontinental 2003
2003,Copa Libertadores,internacional,libertadores,Boca Juniors,,Copa Libertadores 2003
2003,Primera División (Apertura),liga,liga,Boca Juniors,San Lorenzo,2003-04
2003,Primera División (Clausura),liga,liga,River Plate,Boca Juniors,2002-03
2004,Copa Sudamericana,internacional,conmebol_2da,Boca Juniors,,Copa Sudamericana 2004
2004,Primera División (Apertura),liga,liga,Newell's Old Boys,Vélez Sarsfield,2004-05
2004,Primera División (Clausura),liga,liga,River Plate,Boca Juniors,2003-04
2005,Copa Sudamericana,internacional,conmebol_2da,Boca Juniors,,Copa Sudamericana 2005
2005,Recopa Sudamericana,internacional,supercopa_int,Boca Juniors,,Recopa Sudamericana 2005
2005,Primera División (Apertura),liga,liga,Boca Juniors,Gimnasia y Esgrima (LP),2005-06
2005,Primera División (Clausura),liga,liga,Vélez Sarsfield,Banfield,2004-05
2006,Recopa Sudamericana,internacional,supercopa_int,Boca Juniors,,Recopa Sudamericana 2006
2006,Primera División (Apertura),liga,liga,Estudiantes (LP),Boca Juniors,2006-07
2006,Primera División (Clausura),liga,liga,Boca Juniors,Lanús,2005-06
2007,Copa Libertadores,internacional,libertadores,Boca Juniors,,Copa Libertadores 2007
2007,Copa Sudamericana,internacional,conmebol_2da,Arsenal,,Copa Sudamericana 2007
2007,Primera División (Apertura),liga,liga,Lanús,Tigre,2007-08
2007,Primera División (Clausura),liga,liga,San Lorenzo,Boca Juniors,2006-07
2008,Copa Suruga Bank,internacional,supercopa_int,Arsenal,,Copa Suruga Bank 2008
2008,Recopa Sudamericana,internacional,supercopa_int,Boca Juniors,,Recopa Sudamericana 2008
2008,Primera División (Apertura),liga,liga,Boca Juniors,Tigre,2008-09
2008,Primera División (Clausura),liga,liga,River Plate,Boca Juniors,2007-08
2009,Copa Libertadores,internacional,libertadores,Estudiantes (LP),,Copa Libertadores 2009
2009,Primera División (Apertura),liga,liga,Banfield,Newell's Old Boys,2009-10
2009,Primera División (Clausura),liga,liga,Vélez Sarsfield,Huracán,2008-09
2010,Copa Sudamericana,internacional,conmebol_2da,Independiente,,Copa Sudamericana 2010
2010,Primera División (Apertura),liga,liga,Estudiantes (LP),Vélez Sarsfield,2010-11
2010,Primera División (Clausura),liga,liga,Argentinos Juniors,Estudiantes (LP),2009-10
2011,Copa Argentina,copa_nacional,copa_nacional,Boca Juniors,Racing Club,2011-12
2011,Primera División (Apertura),liga,liga,Boca Juniors,Racing Club,2011-12
2011,Primera División (Clausura),liga,liga,Vélez Sarsfield,Lanús,2010-11
2012,Copa Argentina,copa_nacional,copa_nacional,Arsenal,San Lorenzo,2012-13
2012,Supercopa Argentina,copa_nacional,copa_nacional,Arsenal,Boca Juniors,2012
2012,Primera División (Clausura),liga,liga,Arsenal,Tigre,2011-12
2013,Copa Argentina,copa_nacional,copa_nacional,Huracán,Rosario Central,2013-14
2013,Supercopa Argentina,copa_nacional,copa_nacional,Vélez Sarsfield,Arsenal,2013
2013,Copa Sudamericana,internacional,conmebol_2da,Lanús,,Copa Sudamericana 2013
2013,Primera División (Final),liga,liga,Newell's Old Boys,River Plate,2012-13
2013,Primera División (Inicial),liga,liga,Vélez Sarsfield,Newell's Old Boys,2012-13
2013,Primera División (Primera División),liga,liga,Vélez Sarsfield,Newell's Old Boys,2012-13
2014,Copa Argentina,copa_nacional,copa_nacional,Boca Juniors,Rosario Central,2014-15
2014,Copa Campeonato,copa_nacional,copa_nacional,River Plate,San Lorenzo,2014
2014,Supercopa Argentina,copa_nacional,copa_nacional,Huracán,River Plate,2014
2014,Copa Libertadores,internacional,libertadores,San Lorenzo,,Copa Libertadores 2014
2014,Copa Sudamericana,internacional,conmebol_2da,River Plate,,Copa Sudamericana 2014
2014,Primera División (Final),liga,liga,River Plate,Boca Juniors,2013-14
2014,Primera División (Inicial),liga,liga,San Lorenzo,Lanús,2013-14
2014,Primera División (Primera División),liga,liga,Racing Club,River Plate,2014
2015,Copa Argentina,copa_nacional,copa_nacional,River Plate,Rosario Central,2015-16
2015,Supercopa Argentina,copa_nacional,copa_nacional,San Lorenzo,Boca Juniors,2015
2015,Copa Libertadores,internacional,libertadores,River Plate,,Copa Libertadores 2015
2015,Copa Suruga Bank,internacional,supercopa_int,River Plate,,Copa Suruga Bank 2015
2015,Recopa Sudamericana,internacional,supercopa_int,River Plate,,Recopa Sudamericana 2015
2015,Primera División (Primera División),liga,liga,Boca Juniors,San Lorenzo,2015
2016,Copa Argentina,copa_nacional,copa_nacional,River Plate,Atlético Tucumán,2016-17
2016,Copa del Bicentenario,copa_nacional,copa_nacional,Lanús,Racing Club,2016
2016,Supercopa Argentina,copa_nacional,copa_nacional,Lanús,River Plate,2016
2016,Recopa Sudamericana,internacional,supercopa_int,River Plate,,Recopa Sudamericana 2016
2016,Primera División (Primera División),liga,liga,Lanús,San Lorenzo,2016
2017,Copa Argentina,copa_nacional,copa_nacional,Rosario Central,Gimnasia y Esgrima (LP),2017-18
2017,Supercopa Argentina,copa_nacional,copa_nacional,River Plate,Boca Juniors,2017
2017,Copa Sudamericana,internacional,conmebol_2da,Independiente,,Copa Sudamericana 2017
2017,Primera División (Primera División),liga,liga,Boca Juniors,River Plate,2016-17
2018,Copa Argentina,copa_nacional,copa_nacional,River Plate,Central Córdoba (SdE),2018-19
2018,Supercopa Argentina,copa_nacional,copa_nacional,Boca Juniors,Rosario Central,2018
2018,Copa Libertadores,internacional,libertadores,River Plate,,Copa Libertadores 2018
2018,Copa Suruga Bank,internacional,supercopa_int,Independiente,,Copa Suruga Bank 2018
2018,Primera División (Superliga),liga,liga,Boca Juniors,Godoy Cruz,2017-18
2019,Copa Argentina,copa_nacional,copa_nacional,Boca Juniors,Talleres (C),2019-20
2019,Copa de la Superliga,copa_nacional,copa_nacional,Tigre,Boca Juniors,2019
2019,Supercopa Argentina,copa_nacional,copa_nacional,River Plate,Racing Club,2019
2019,Trofeo de Campeones de la Superliga,copa_nacional,copa_nacional,Racing Club,Tigre,2019
2019,Recopa Sudamericana,internacional,supercopa_int,River Plate,,Recopa Sudamericana 2019
2019,Primera División (Superliga),liga,liga,Racing Club,Defensa y Justicia,2018-19
2020,Copa de la Liga Profesional,copa_nacional,copa_nacional,Boca Juniors,Banfield,2020
2020,Primera División (Superliga),liga,liga,Boca Juniors,River Plate,2019-20
2021,Copa de la Liga Profesional,copa_nacional,copa_nacional,Colón,Racing Club,2021
2021,Trofeo de Campeones de la Liga Profesional,copa_nacional,copa_nacional,River Plate,Colón,2021
2021,Copa Sudamericana,internacional,conmebol_2da,Defensa y Justicia,,Copa Sudamericana 2020
2021,Recopa Sudamericana,internacional,supercopa_int,Defensa y Justicia,,Recopa Sudamericana 2021
2021,Primera División (Liga Profesional),liga,liga,River Plate,Defensa y Justicia,2021
2022,Copa Argentina,copa_nacional,copa_nacional,Patronato,Talleres (C),2022
2022,Copa de la Liga Profesional,copa_nacional,copa_nacional,Boca Juniors,Tigre,2022
2022,Supercopa Argentina,copa_nacional,copa_nacional,Boca Juniors,Patronato,2022
2022,Supercopa Internacional,copa_nacional,copa_nacional,Racing Club,Boca Juniors,2022
2022,Trofeo de Campeones de la Liga Profesional,copa_nacional,copa_nacional,Racing Club,Boca Juniors,2022
2022,Primera División (Liga Profesional),liga,liga,Boca Juniors,Racing Club,2022
2023,Copa Argentina,copa_nacional,copa_nacional,Estudiantes (LP),Defensa y Justicia,2023
2023,Copa de la Liga Profesional,copa_nacional,copa_nacional,Rosario Central,Platense,2023
2023,Supercopa Argentina,copa_nacional,copa_nacional,River Plate,Estudiantes (LP),2023
2023,Supercopa Internacional,copa_nacional,copa_nacional,Talleres (C),River Plate,2023
2023,Trofeo de Campeones de la Liga Profesional,copa_nacional,copa_nacional,River Plate,Rosario Central,2023
2023,Primera División (Liga Profesional),liga,liga,River Plate,Talleres (C),2023
2024,Copa Argentina,copa_nacional,copa_nacional,Central Córdoba (SdE),Vélez Sarsfield,2024
2024,Copa de la Liga Profesional,copa_nacional,copa_nacional,Estudiantes (LP),Vélez Sarsfield,2024
2024,Supercopa Argentina,copa_nacional,copa_nacional,Vélez Sarsfield,Central Córdoba (SdE),2024
2024,Supercopa Internacional,copa_nacional,copa_nacional,Vélez Sarsfield,Estudiantes (LP),2024
2024,Trofeo de Campeones de la Liga Profesional,copa_nacional,copa_nacional,Estudiantes (LP),Vélez Sarsfield,2024
2024,Copa Sudamericana,internacional,conmebol_2da,Racing Club,,Copa Sudamericana 2024
2024,Primera División (Liga Profesional),liga,liga,Vélez Sarsfield,Talleres (C),2024
2025,Copa Argentina,copa_nacional,copa_nacional,Independiente Rivadavia (M),Argentinos Juniors,2025
2025,Trofeo de Campeones de la Liga Profesional,copa_nacional,copa_nacional,Estudiantes (LP),Platense,2025
2025,Copa Sudamericana,internacional,conmebol_2da,Lanús,,Copa Sudamericana 2025
2025,Recopa Sudamericana,internacional,supercopa_int,Racing Club,,Recopa Sudamericana 2025
2025,Recopa Sudamericana,internacional,supercopa_int,Lanús,,Recopa Sudamericana 2026
2025,Primera División (Apertura),liga,liga,Platense,Huracán,2025
2025,Primera División (Clausura),liga,liga,Estudiantes (LP),Racing Club,2025
2025,Primera División (Liga),liga,liga,Rosario Central,Boca Juniors,2025
2026,Primera División (Apertura),liga,liga,Belgrano,River Plate,2026
